{"options":{"awareOfChrome":false,"check_for_updates":true,"comment":null,"compat_arrayleft":false,"compat_foreach":false,"compat_forvarin":false,"compat_metadata":false,"compat_uW_gmonkey":false,"compat_wrappedjsobject":false,"compatopts_for_requires":true,"noframes":null,"override":{"merge_connects":true,"merge_excludes":true,"merge_includes":true,"merge_matches":true,"orig_connects":["vk.com","vk.me","userapi.com","vkuseraudio.net","vkuservideo.net","vk-cdn.net","youtube.com","youtube-nocookie.com","ytimg.com","googlevideo.com","video.google.com","google-analytics.com","dailymotion.com","vimeo.com","vimeocdn.com","akamaized.net","odnoklassniki.ru","ok.ru","cdn-ok.com","mycdn.me","pladform.ru","clipyou.ru","soundcloud.com","sndcdn.com","mail.ru","cdninstagram.com","fbcdn.net","facebook.com","sf-helper.com","savefr.com","travelbar.tools","savefrom.net","self","*"],"orig_excludes":[],"orig_includes":["http://*","https://*"],"orig_matches":[],"orig_noframes":null,"orig_run_at":"document-end","use_blockers":[],"use_connects":[],"use_excludes":[],"use_includes":[],"use_matches":[]},"run_at":null},"settings":{"enabled":false,"position":1},"meta":{"name":"SaveFrom.net helper","uuid":"a10f46cc-18b6-4805-b735-0c9e2845bd8c","modified":1530901491630,"file_url":"https://download.sf-helper.com/chrome/helper.user.js"}}