{"data":{"aiid":"s{\"w\":\"321###\"}","aviaBar":"s{\"w\":{\"blackList\":[],\"templates\":{\"hostelworld_com\":{\"expire\":1530836992,\"data\":[\"[]\",[[\"details\",{\"locationCheck\":[{\"type\":\"re\",\"pattern\":\"\\\\/hosteldetails\"}],\"formWatcher\":{\"ctr\":{\"query\":{\"css\":\".resultcolumn\"},\"cb\":[\"function\",[\"profile\"],[[\"return\",[\"getParamsFromPage\",[\"{}\",{\"dataLayer\":[\"raw\",\"dataLayer\"],\"currency\":[\"raw\",\"$.currency.code\"]}],[\"function\",[\"dataObj\"],[[\"if\",[\"!\",[\"array\",\"dataObj.dataLayer\",[[\"len\"]]],null,true],[[\"return\"]]],[\"var\",\"query\",[\"[]\"]],[\"var\",\"name\",null],[\"array\",\"dataObj.dataLayer\",[[\"forEach\",[\"function\",[\"obj\"],[[\"if\",[[\"!\",\"obj\",null,true],\"||\",[\"obj.gtmApplicationEnv\",\"!==\",[\"raw\",\"production\"]]],[[\"return\"]]],[\"name\",\"=\",\"obj.gtmPropertyName\"],[\"var\",\"city\",[\"dom\",[\"raw\",\"input[name=\\\"city\\\"]\"],[[\"value\"]]]],[\"var\",\"country\",[\"dom\",[\"raw\",\"input[name=\\\"country\\\"]\"],[[\"value\"]]]],[\"if\",[\"city\",\"&&\",\"country\"],[[\"array\",\"query\",[[\"push\",[\"array\",[\"[]\",[\"name\",\"city\",\"country\"]],[[\"join\",[\"raw\",\" \"]]]]]]]],[[\"if\",\"city\",[[\"array\",\"query\",[[\"push\",[\"array\",[\"[]\",[\"name\",\"city\"]],[[\"join\",[\"raw\",\" \"]]]]]]]],[[\"if\",\"country\",[[\"array\",\"query\",[[\"push\",[\"array\",[\"[]\",[\"name\",\"country\"]],[[\"join\",[\"raw\",\" \"]]]]]]]]]]]]],[\"array\",\"query\",[[\"push\",\"name\"]]],[\"setParam\",[\"raw\",\"dateIn\"],\"obj.gtmArrivalDate\",\"profile\"],[\"setParam\",[\"raw\",\"dateOut\"],\"obj.gtmDepartureDate\",\"profile\"],[\"setParam\",[\"raw\",\"adults\"],\"obj.gtmTotalGuestCount\",\"profile\"],[\"setParam\",[\"raw\",\"dayCount\"],\"obj.gtmTotalGuestCount\",\"profile\"]]]]]],[\"setType\",[\"raw\",\"hotel\"],\"profile\"],[\"setParam\",[\"raw\",\"query\"],\"query\",\"profile\"],[\"setParam\",[\"raw\",\"currency\"],\"dataObj.currency\",\"profile\"]]]]]]]}},\"priceWatcher\":{\"price\":{\"query\":{\"css\":\".rooms tr > td > .averageprice.currency\"},\"template\":\"price\",\"key\":\"oneDayPrice\"}}}]]]}}}}","country":"s{\"w\":\"bd\"}","dblTrack":"s{\"w\":{\"uuid\":\"dfdeaa47-5797-4965-9eba-7d1c2ff4a4a1\",\"time\":1532835881475}}","dprm":"n1527789477780","liteStorage":"s{\"w\":{\"countryTimeout\":1532758473,\"lastVersion\":\"7.75.2\",\"lastVersionExpire\":1533017669,\"fromIdTimeout\":1527811077,\"trackTimeout\":1532879026,\"fromId\":321,\"countryExpire\":1532931274}}","onceShowYtTooltip":"s{\"w\":0}","onceShowYtTutorial":"s{\"w\":1}","onceTrackAviaBar":"s{\"w\":0}","onceTrackStat":"s{\"w\":0}","scClientId":"s{\"w\":\"l4PHY7uZcvjhy51g4F3aDiLbjSR1t09C\"}","scClientId_expire_":"s{\"w\":1531738726}","sdc_data":"s{\"pid\":\"b8765919ed1c7190a0fe731293f24730\",\"lastFocusedUrl\":null,\"q\":\"https://www.facebook.com/\",\"hreferer\":\"https://www.facebook.com/r.sarwer007/posts/1102314023258647?notif_id=1532683221030547&notif_t=feedback_reaction_generic&ref=notif\",\"_active\":\"https://www.facebook.com/\",\"prev\":\"https://www.facebook.com/events/544891762574343/?notif_t=plan_reminder&notif_id=1532836903744479\",\"_manualHard\":\"https://www.facebook.com/?ref=tn_tnmn\",\"meta\":[\"ajax\"]}","showUmmyLanding":"s{\"w\":1}","ummyDetected":"s{\"w\":0}","userjsDblTrack":"s{\"w\":\"b9f28d05-75bf-41e7-97f0-73b99cf23675,1527789537783\"}","userjsIsInstaller":"s{\"w\":1}","userjsIsOpenVideo":"s{\"w\":1}","userjsVideoId":"s{\"w\":\"KAoMxeKQHIE#####################\"}","uuid":"s{\"w\":\"bee05711-cd55-45b2-a14a-cc0ea491f9c7\"}","version":"s{\"w\":\"7.73.2\"}","ytDechipList":"s{\"w\":{\"17731\":[[\"swap\",51],[\"reverse\",null],[\"swap\",17],[\"reverse\",null],[\"splice\",2],[\"swap\",32],[\"splice\",2]],\"17733\":[[\"swap\",16],[\"swap\",44],[\"splice\",2],[\"reverse\",null],[\"swap\",64],[\"splice\",1],[\"swap\",19]],\"17735\":[[\"swap\",34],[\"reverse\",null],[\"splice\",1],[\"reverse\",null],[\"swap\",31],[\"splice\",1]],\"17737\":[[\"splice\",1],[\"reverse\",null],[\"splice\",3],[\"swap\",67],[\"reverse\",null],[\"splice\",2]]}}","ytLastITag":"s{\"w\":\"18\"}"},"ts":1532838854210}